"","treat","elapsed.time","flux.mn","flux.sd","cum.mn","cum.sd"
"1","NEO",161,1.42944569512676e-05,2.9305722524377e-05,0.301828820438323,0.0391801085263553
"2","Raw",161,1.72681840617416e-05,3.17366646053798e-05,2.59739105342187,0.0631835244294346
"3","Separated",161,1.4669353424779e-05,3.81700684169386e-05,0.675575388341967,0.13755888051595
